horse_id,horse_name,date,venue,weather,race_number,race_name,race_id,映像,field_size,waku,horse_number,win_odds,popularity,finish_position,jockey,jockey_id,weight_carried,distance,水分量,track_condition,馬場指数,time,margin,ﾀｲﾑ指数タイム指数(通常)タイム指数マスター,ﾀｲﾑ指数Mタイム指数(通常)タイム指数マスター,ｽﾀｰﾄ指数,追走指数,上がり指数,passing_order,pace,last_3f,horse_weight,trainer_comment,remarks,winner_or_second,prize_money,surface,distance_m
2022105519,マスカレードボール,2026/04/26,シャティン,晴,9,QE2世C(GI),2026H1010109,,,,1,3.5,2,2,ルメール,05339,57,芝2000,,良,,,,,,,,,,,,474,,,,,芝,2000
2022105519,マスカレードボール,2025/11/30,5東京8,晴,12,ジャパンC(GI),202505050812,,17,7,15,2.5,1,2,ルメール,05339,56,芝2400,,良,**,2:20.3,0.0,**,**,**,**,**,10-8-9-9,34.5-34.6,33.4,470(0),,,カランダガン,"20,108.0",芝,2400
2022105519,マスカレードボール,2025/11/02,4東京11,曇,11,天皇賞(秋)(GI),202505041111,,14,5,7,2.7,1,1,ルメール,05339,56,芝2000,,良,**,1:58.6,-0.1,**,**,**,**,**,9-6-8,37.1-32.9,32.3,470(+4),,,(ミュージアムマイル),"30,298.2",芝,2000
2022105519,マスカレードボール,2025/06/01,2東京12,晴,11,東京優駿(GI),202505021211,,18,8,17,6.8,3,2,坂井瑠星,01163,57,芝2400,,良,**,2:23.8,0.1,**,**,**,**,**,8-8-7-7,35.7-34.8,33.7,466(+6),,,クロワデュノール,"12,791.8",芝,2400
2022105519,マスカレードボール,2025/04/20,3中山8,曇,11,皐月賞(GI),202506030811,,18,3,6,13.7,4,3,横山武史,01170,57,芝2000,,良,**,1:57.3,0.3,**,**,**,**,**,11-10-14-13,34.5-34.8,33.9,460(-4),,,ミュージアムマイル,"5,399.2",芝,2000
2022105519,マスカレードボール,2025/02/16,1東京6,曇,11,共同通信杯(GIII),202505010611,,9,2,2,3.8,1,1,坂井瑠星,01163,57,芝1800,,良,**,1:46.0,-0.1,**,**,**,**,**,2-3-3,36.4-34.2,33.7,464(-8),,,(カラマティアノス),"4,132.9",芝,1800
2022105519,マスカレードボール,2024/12/28,5中山9,晴,11,ホープフルS(GI),202406050911,,18,8,18,9.9,4,11,戸崎圭太,05386,56,芝2000,,良,**,2:01.7,1.2,**,**,**,**,**,14-14-12-10,36.0-35.5,35.5,472(0),,,クロワデュノール,,芝,2000
2022105519,マスカレードボール,2024/10/19,4東京5,晴,9,アイビーS(L),202405040509,,8,6,6,4.9,3,1,戸崎圭太,05386,56,芝1800,,良,**,1:45.8,-0.2,**,**,**,**,**,3-3-3,35.7-34.3,33.4,472(+12),,,(ピコチャンブラック),"1,718.9",芝,1800
2022105519,マスカレードボール,2024/08/11,3新潟2,晴,5,2歳新馬,202404030205,,13,5,7,1.6,1,1,戸崎圭太,05386,55,芝1600,,良,**,1:35.8,-0.1,**,**,**,**,**,10-10,35.3-35.1,34.4,460(0),,,(マイネルチケット),720.0,芝,1600
