race_id,race_name,date,surface,distance_m,direction,weather,track_condition,finish_position,waku,horse_number,horse_name,horse_id,sex_age,weight_carried,jockey,jockey_id,time,margin,time_index,time_index_master,start_index,pace_index,last_3f_index,passing_order,last_3f,win_odds,popularity,horse_weight,training_time,trainer_comment,remarks,trainer,trainer_id,owner,prize_money
202642081111,第4回ルーキーズサマーカッ(重賞),2026-08-11,ダート,1400,左,曇,良,1,5,5,ウノキボンバイエ,2024103007,牡2,54,室陽一朗,05651,1:27.7,,,-,-,-,-,1-1-1-1,38.3,7.0,3,469(+3),,,,[地]宇野木博,05780,福田達也,"1,200.0"
202642081111,第4回ルーキーズサマーカッ(重賞),2026-08-11,ダート,1400,左,曇,良,2,6,7,チュラブロッサム,2024100511,牝2,54,篠谷葵,05605,1:28.9,6,,-,-,-,-,3-3-2-2,39.1,8.8,4,435(+2),,,,[地]林正人,05436,松澤光洋,420.0
202642081111,第4回ルーキーズサマーカッ(重賞),2026-08-11,ダート,1400,左,曇,良,3,8,10,ドゥオーモアモーレ,2024102790,牡2,54,野畑凌,05630,1:29.3,2,,-,-,-,-,4-5-4-3,39.4,14.5,5,480(-7),,,,[地]加藤誠一,05765,岡本真二,240.0
202642081111,第4回ルーキーズサマーカッ(重賞),2026-08-11,ダート,1400,左,曇,良,4,2,2,オレンジルシファー,2024103352,牡2,54,安藤洋一,05690,1:29.5,3/4,,-,-,-,-,8-7-8-7,38.8,30.3,7,480(-1),,,,[地]小野寺晋,05593,（株）ＯＫＣ,120.0
202642081111,第4回ルーキーズサマーカッ(重賞),2026-08-11,ダート,1400,左,曇,良,5,6,6,モリケン,2024101038,牡2,54,山中悠希,05598,1:29.8,1.1/2,,-,-,-,-,2-2-2-4,40.2,3.7,2,480(+3),,,,[地]斉藤敏,05648,角谷守正,60.0
202642081111,第4回ルーキーズサマーカッ(重賞),2026-08-11,ダート,1400,左,曇,良,6,3,3,ルースアグレッシブ,2024108234,牡2,54,笹川翼,05524,1:29.8,アタマ,,-,-,-,-,6-6-6-6,39.3,1.7,1,520(+4),,,,[地]小久保智,05609,山口裕介,
202642081111,第4回ルーキーズサマーカッ(重賞),2026-08-11,ダート,1400,左,曇,良,7,8,11,ラストハニー,2024109085,牝2,54,本橋孝太,05488,1:29.9,クビ,,-,-,-,-,8-9-8-8,39.1,103.7,8,469(+16),,,,[地]阿井正雄,a01c3,（株）心頼ＬｏｏＰ,
202642081111,第4回ルーキーズサマーカッ(重賞),2026-08-11,ダート,1400,左,曇,良,8,1,1,ラモンパンサー,2024100121,牡2,54,木間塚龍,05607,1:30.1,1.1/2,,-,-,-,-,4-4-5-5,40.0,164.8,9,408(-3),,,,[地]大津剛,a06bd,林由真,
202642081111,第4回ルーキーズサマーカッ(重賞),2026-08-11,ダート,1400,左,曇,良,9,7,8,セブンソード,2024106064,牡2,54,西啓太,a02d7,1:30.6,2.1/2,,-,-,-,-,7-7-6-9,40.1,23.7,6,455(+3),,,,[地]藤原智行,05766,工藤友樹,
202642081111,第4回ルーキーズサマーカッ(重賞),2026-08-11,ダート,1400,左,曇,良,10,7,9,ダムブランシュ,2024102373,牝2,54,増田充宏,a01df,1:32.7,大,,-,-,-,-,10-10-10-10,40.9,241.7,10,377(-10),,,,[地]鈴木義久,a02a8,ウエスト．フォレスト,
202642081111,第4回ルーキーズサマーカッ(重賞),2026-08-11,ダート,1400,左,曇,良,除,4,4,ケンシリウス,2024104335,牡2,54,藤本現暉,05590,,,,-,-,-,-,,,---,,計不,,,,[地]繁田健一,a041c,（株）エスティ,
